,City,Country,Date,Latitude,Longitude,Humidity,Max Temp,Wind Speed,Cloudiness
0,Galesong,ID,1584908956,-5.32,119.37,100,75.2,2.24,20
1,Mar del Plata,AR,1584908899,-38.0,-57.56,42,82.4,6.93,54
2,Grimshaw,CA,1584908956,56.18,-117.6,55,33.8,5.82,90
3,Nome,US,1584908956,64.5,-165.41,85,21.2,4.7,90
4,Albany,US,1584908956,42.6,-73.97,25,42.01,6.93,20
5,Barrow,US,1584908957,71.29,-156.79,76,-9.4,10.29,1
6,Nordfjordeid,NO,1584908957,61.91,5.99,79,41.0,28.86,75
7,Carnarvon,AU,1584908957,-24.87,113.63,74,78.8,8.05,0
8,Lebu,CL,1584908957,-37.62,-73.65,55,64.45,9.86,8
9,Praia,CV,1584908957,14.92,-23.51,68,71.6,23.04,75
10,Mataura,NZ,1584908957,-46.19,168.86,90,48.99,3.0,100
11,Rikitea,PF,1584908957,-23.12,-134.97,71,78.13,0.72,14
12,Dudinka,RU,1584908957,69.41,86.18,75,-18.4,8.95,0
13,Hong Kong,HK,1584908957,22.29,114.16,88,75.0,4.7,0
14,East London,ZA,1584908957,-33.02,27.91,86,76.15,13.71,45
15,Ribeira Grande,PT,1584908957,38.52,-28.7,62,57.2,8.05,20
16,Tiznit Province,MA,1584908957,29.58,-9.5,82,49.51,7.9,77
17,Haines Junction,CA,1584908957,60.75,-137.51,71,19.99,9.91,49
18,Butaritari,KI,1584908957,3.07,172.79,79,83.53,15.97,22
19,Port-Gentil,GA,1584908958,-0.72,8.78,83,82.63,14.18,55
20,Naliya,IN,1584908958,23.27,68.83,85,71.11,5.28,90
21,Norman Wells,CA,1584908958,65.28,-126.83,85,21.2,6.93,90
22,Bilibino,RU,1584908958,68.05,166.44,94,5.59,3.74,100
23,Meulaboh,ID,1584908958,4.14,96.13,78,82.09,6.62,100
24,Kamen'-Rybolov,RU,1584908958,44.75,132.04,60,30.43,9.15,15
25,Havre-St-Pierre,CA,1584908958,50.23,-63.6,38,24.8,13.87,1
26,Vanimo,PG,1584908958,-2.67,141.3,82,81.37,6.73,100
27,Imbituba,BR,1584908944,-28.24,-48.67,69,78.8,12.75,40
28,Omaruru,NA,1584908958,-21.43,15.93,42,73.09,7.16,12
29,Ushuaia,AR,1584908898,-54.8,-68.3,62,53.6,14.99,100
30,Bengkulu,ID,1584908958,-3.8,102.27,91,72.73,3.49,100
31,Wahiawā,US,1584908958,21.5,-158.02,73,80.6,11.41,20
32,Punta Arenas,CL,1584908901,-53.15,-70.92,71,55.4,4.7,75
33,Saint George,US,1584908959,37.1,-113.58,44,62.01,2.62,1
34,Avarua,CK,1584908959,-21.21,-159.78,74,82.4,8.05,93
35,Malbork,PL,1584908959,54.04,19.03,43,37.0,6.93,40
36,Busselton,AU,1584908959,-33.65,115.33,59,63.0,13.24,0
37,Cherskiy,RU,1584908959,68.75,161.3,94,9.55,9.13,100
38,Cape Town,ZA,1584908334,-33.93,18.42,77,66.99,14.99,34
39,Kapaa,US,1584908959,22.08,-159.32,74,78.8,14.99,40
40,Yangi Marg`ilon,UZ,1584908959,40.43,71.72,50,55.4,2.24,100
41,Upernavik,GL,1584908959,72.79,-56.15,88,-9.35,6.51,0
42,Hobart,AU,1584908843,-42.88,147.33,62,51.8,4.7,75
43,Tiksi,RU,1584908959,71.69,128.87,84,-9.53,8.08,0
44,Jalu,LY,1584908959,29.03,21.55,32,70.39,10.16,100
45,Mezen',RU,1584908959,65.85,44.24,93,21.07,11.23,80
46,Icó,BR,1584908959,-6.4,-38.86,82,78.67,2.26,46
47,Mafinga,TZ,1584908960,-7.25,35.07,93,67.69,1.99,100
48,Vaini,TO,1584908960,-21.2,-175.2,88,78.8,8.05,75
49,Thompson,CA,1584908960,55.74,-97.86,87,32.0,11.41,90
50,New Norfolk,AU,1584908960,-42.78,147.06,62,51.8,4.7,75
51,Chokurdakh,RU,1584908960,70.63,147.92,69,-6.47,2.42,58
52,Abadan,TM,1584908960,38.05,58.21,100,48.2,2.24,90
53,Codrington,AU,1584908960,-38.27,141.97,71,57.61,14.97,59
54,Praxédis Guerrero,MX,1584908960,31.37,-106.02,15,72.0,10.29,1
55,Naryan-Mar,RU,1584908960,67.67,53.09,92,16.03,14.2,79
56,Pampa,US,1584908960,35.54,-100.96,26,71.6,13.87,1
57,Sitka,US,1584908960,57.05,-135.33,70,42.8,17.22,75
58,Porto-Novo,BJ,1584908960,6.5,2.6,88,82.4,8.05,40
59,Hermanus,ZA,1584908960,-34.42,19.23,86,66.99,14.16,67
60,Chara,RU,1584908961,56.91,118.26,72,8.11,0.85,47
61,Port Alfred,ZA,1584908961,-33.59,26.89,94,69.01,11.99,98
62,Dikson,RU,1584908961,73.51,80.55,99,-7.19,9.66,87
63,Chui,UY,1584908961,-33.7,-53.46,52,75.07,9.1,0
64,Vostok,RU,1584908961,46.49,135.88,87,10.45,4.34,0
65,Khanbari,NP,1584908961,27.37,87.2,92,40.33,1.66,100
66,Lugovoy,KZ,1584908961,42.95,72.76,80,42.85,3.47,100
67,Tres Arroyos,AR,1584908961,-38.37,-60.28,24,86.95,8.88,85
68,Itoman,JP,1584908961,26.12,127.67,83,71.6,13.87,40
69,College,US,1584908961,64.86,-147.8,61,21.2,20.8,20
70,Lompoc,US,1584908961,34.64,-120.46,52,68.0,10.29,40
71,Husavik,IS,1584908961,66.04,-17.34,65,41.0,33.33,40
72,Nanortalik,GL,1584908944,60.14,-45.24,72,25.21,39.55,0
73,Atuona,PF,1584908962,-9.8,-139.03,80,82.27,11.61,55
74,Caxias do Sul,BR,1584908962,-29.17,-51.18,63,84.99,7.0,57
75,Beringovskiy,RU,1584908962,63.05,179.32,88,35.47,17.34,100
76,Bluff,NZ,1584908962,-46.6,168.33,90,48.99,3.0,100
77,Nioro,GM,1584908962,13.35,-15.75,21,86.77,10.71,0
78,Bakreswar,IN,1584908962,23.88,87.37,82,68.0,3.36,20
79,Kavieng,PG,1584908962,-2.57,150.8,80,82.45,16.62,100
80,Jamestown,US,1584908791,42.1,-79.24,27,44.01,11.41,1
81,Mareeba,AU,1584908962,-17.0,145.43,78,78.8,10.29,40
82,São João da Barra,BR,1584908962,-21.64,-41.05,74,80.6,9.17,75
83,Atar,MR,1584908962,20.52,-13.05,23,66.43,6.82,0
84,Souillac,MU,1584908962,-20.52,57.52,94,77.0,8.05,75
85,Ponta do Sol,PT,1584908963,32.67,-17.1,67,57.2,25.28,40
86,Kaitangata,NZ,1584908963,-46.28,169.85,80,52.0,17.98,100
87,Pozo Colorado,PY,1584908963,-23.49,-58.8,15,96.85,6.96,0
88,Gorontalo,ID,1584908963,0.54,123.06,90,72.91,3.09,94
89,Deputatsky,RU,1584908963,69.3,139.9,83,-0.17,1.1,100
90,Yerbogachën,RU,1584908963,61.28,108.01,100,35.11,12.84,100
91,Kangāvar,IR,1584908963,34.5,47.97,96,35.11,8.19,100
92,Arraial do Cabo,BR,1584908963,-22.97,-42.03,78,80.6,6.93,75
93,Mossamedes,AO,1584908963,-15.2,12.15,86,72.55,4.7,100
94,Sinnamary,GF,1584908964,5.38,-52.95,77,80.47,13.15,100
95,Saint Petersburg,RU,1584908951,59.89,30.26,62,24.01,2.24,0
96,Provideniya,RU,1584908964,64.38,-173.3,98,32.0,13.42,90
97,Alofi,NU,1584908964,-19.06,-169.92,83,82.4,4.7,75
98,São Filipe,CV,1584908964,14.9,-24.5,81,68.77,21.56,49
99,Saint-Joseph,RE,1584908964,-21.37,55.62,74,78.8,14.99,0
100,Belaya Gora,RU,1584908964,68.53,146.42,81,-9.53,1.45,0
101,Nikolskoye,RU,1584908964,59.7,30.79,62,24.01,2.24,0
102,Airai,TL,1584908964,-8.93,125.41,78,64.09,3.27,59
103,Castro,BR,1584908964,-24.79,-50.01,61,70.03,4.05,0
104,Cayenne,GF,1584908934,4.93,-52.33,66,84.2,12.75,75
105,Hilo,US,1584908965,19.73,-155.09,64,75.2,8.28,90
106,Yellowknife,CA,1584908796,62.46,-114.35,87,32.0,13.87,75
107,Srednekolymsk,RU,1584908965,67.45,153.68,76,4.87,5.66,100
108,Cap Malheureux,MU,1584908965,-19.98,57.61,94,77.0,8.05,75
109,Polovinnoye,RU,1584908965,54.79,65.99,96,21.79,8.37,100
110,Cabo San Lucas,MX,1584908965,22.89,-109.91,44,81.0,6.93,5
111,Bundibugyo,UG,1584908965,0.74,30.04,78,52.03,5.3,100
112,Krompachy,SK,1584908965,48.91,20.88,63,28.99,19.46,20
113,San Patricio,MX,1584908965,19.22,-104.7,79,84.2,11.41,5
114,Bredasdorp,ZA,1584908830,-34.53,20.04,88,64.99,3.36,10
115,Vila Franca do Campo,PT,1584908965,37.72,-25.43,71,57.2,11.41,75
116,Sovetskiy,RU,1584908966,61.36,63.58,90,15.13,5.39,0
117,Tuktoyaktuk,CA,1584908966,69.45,-133.04,77,-0.4,21.92,75
118,Mount Gambier,AU,1584908966,-37.83,140.77,87,48.2,4.12,40
119,Lüderitz,NA,1584908966,-26.65,15.16,68,69.8,21.92,0
120,Saint Paul Harbor,US,1584908966,57.79,-152.41,38,39.2,20.8,1
121,Ouidah,BJ,1584908966,6.36,2.09,88,82.4,8.05,40
122,San Quintín,MX,1584908966,30.48,-115.95,64,62.83,12.12,98
123,Port Elizabeth,ZA,1584908966,-33.92,25.57,88,71.6,8.05,90
124,Esperance,AU,1584908966,-33.87,121.9,100,57.2,6.93,75
125,Mitsamiouli,KM,1584908966,-11.38,43.28,75,83.35,13.69,29
126,Khatanga,RU,1584908966,71.97,102.5,96,-28.25,7.34,18
127,Kudahuvadhoo,MV,1584908966,2.67,72.89,68,84.43,9.33,84
128,Nichinan,JP,1584908967,31.6,131.37,100,55.0,3.0,100
129,Bethel,US,1584908833,41.37,-73.41,28,45.0,7.14,1
130,Florø,NO,1584908967,61.6,5.03,94,41.0,28.86,75
131,Lolodorf,CM,1584908967,3.23,10.73,97,74.17,1.95,0
132,Severo-Kuril'sk,RU,1584908967,50.68,156.12,96,27.19,7.83,59
133,Aksarka,RU,1584908967,66.56,67.8,84,-1.79,6.46,0
134,Broome,US,1584908967,42.25,-75.83,23,45.0,5.82,1
135,Río Blanco,MX,1584908967,18.83,-97.15,35,77.23,6.15,0
136,Tsumeb,NA,1584908967,-19.23,17.72,71,70.21,8.28,20
137,Tena,EC,1584908967,-0.98,-77.82,58,89.6,3.36,75
138,Alexandria,EG,1584908968,31.22,29.96,59,60.8,5.82,16
139,Paracuru,BR,1584908968,-3.41,-39.03,66,86.0,8.05,20
140,Shumskiy,RU,1584908968,54.83,99.13,70,35.65,6.62,100
141,Longyearbyen,SJ,1584908968,78.22,15.64,79,26.6,23.04,90
142,Ingham,US,1584908968,42.6,-84.38,44,41.0,10.29,90
143,Acaraú,BR,1584908957,-2.89,-40.12,83,77.41,4.47,20
144,Constantine,DZ,1584908676,36.37,6.61,93,48.2,1.12,40
145,Clyde River,CA,1584908968,70.47,-68.59,70,-0.4,3.36,1
146,Preston,GB,1584908968,53.77,-2.72,75,45.0,12.75,0
147,Kruisfontein,ZA,1584908968,-34.0,24.73,87,65.89,6.98,100
148,Qaanaaq,GL,1584908968,77.48,-69.36,76,-9.35,3.02,95
149,Ancud,CL,1584908969,-41.87,-73.82,76,57.2,12.75,90
150,Traian,RO,1584908969,46.63,27.03,93,32.0,14.99,90
151,Cedar City,US,1584908740,37.68,-113.06,32,53.6,10.29,40
152,Mount Isa,AU,1584908969,-20.73,139.5,60,69.8,12.8,0
153,Talnakh,RU,1584908969,69.49,88.4,75,-18.4,8.95,4
154,Todos Santos,MX,1584908969,23.45,-110.22,39,81.0,16.11,5
155,Olbia,IT,1584908969,40.92,9.49,86,48.79,3.78,40
156,Khani,GE,1584908969,41.96,42.96,93,42.8,4.7,40
157,Saint-Philippe,RE,1584908969,-21.36,55.77,74,78.8,14.99,1
158,Mahajanga,MG,1584908970,-15.72,46.32,78,78.8,8.05,20
159,Jumla,NP,1584908970,29.27,82.18,83,31.51,3.69,23
160,Polunochnoye,RU,1584908970,60.87,60.42,84,14.41,5.3,69
161,Ketchikan,US,1584908970,55.34,-131.65,100,37.4,12.75,90
162,Jardim,BR,1584908970,-21.48,-56.14,57,86.23,5.91,11
163,San Jose,US,1584908715,37.34,-121.89,45,70.0,4.7,75
164,Cidreira,BR,1584908970,-30.18,-50.21,75,74.71,17.52,13
165,Kabelvåg,NO,1584908970,68.21,14.48,69,41.0,11.41,40
166,Killybegs,IE,1584908970,54.63,-8.45,70,46.4,11.41,100
167,Shimoga,IN,1584908970,13.92,75.57,94,65.71,2.06,0
168,São Miguel do Araguaia,BR,1584908970,-13.28,-50.16,91,78.31,3.53,100
169,Rawson,AR,1584908970,-43.3,-65.1,52,69.85,20.02,0
170,Verkhnyaya Inta,RU,1584908970,65.98,60.31,95,21.07,13.38,100
171,Torbay,CA,1584908971,47.67,-52.73,62,24.01,17.22,75
172,Harper,LR,1584908971,4.38,-7.72,93,78.67,3.83,38
173,Ust-Tsilma,RU,1584908971,65.44,52.15,93,20.17,6.89,86
174,Baykit,RU,1584908971,61.67,96.37,89,29.17,11.72,91
175,Los Llanos de Aridane,ES,1584908965,28.66,-17.92,68,64.4,4.7,20
176,Krasnyy Yar,RU,1584908971,46.53,48.35,80,39.2,6.71,54
177,Badin,PK,1584908966,24.66,68.84,63,74.89,6.06,100
178,Ilulissat,GL,1584908971,69.22,-51.1,46,8.6,3.36,0
179,Ulcinj,ME,1584908971,41.93,19.22,40,57.2,18.34,75
180,Kuril'sk,RU,1584908971,45.23,147.88,70,32.95,4.45,100
181,Morón,AR,1584908971,-34.65,-58.62,42,88.0,9.17,11
182,Sambava,MG,1584908971,-14.27,50.17,95,70.21,3.0,6
183,Puerto Ayora,EC,1584908972,-0.74,-90.35,70,84.2,9.17,20
184,Aripuanã,BR,1584908972,-9.17,-60.63,93,81.37,2.66,5
185,Kosonsoy,UZ,1584908972,41.26,71.55,50,55.4,2.24,100
186,Leningradskiy,RU,1584908972,69.38,178.42,80,7.21,11.74,100
187,Bangassou,CF,1584908972,4.74,22.82,89,70.75,3.2,71
188,Kenai,US,1584908972,60.55,-151.26,86,33.8,7.09,1
189,Shemursha,RU,1584908972,54.89,47.52,53,24.49,16.71,92
190,Talara,PE,1584908707,-4.58,-81.27,82,77.23,14.38,0
191,Bambous Virieux,MU,1584908972,-20.34,57.76,94,77.0,8.05,75
192,Esil,KZ,1584908972,51.96,66.4,95,15.67,6.73,5
193,Hithadhoo,MV,1584908972,-0.6,73.08,63,84.07,3.65,0
194,Guerrero Negro,MX,1584908763,27.98,-114.06,46,68.23,14.05,93
195,Dentsville,US,1584908972,34.06,-80.96,62,59.0,13.87,90
196,Naze,JP,1584908972,28.37,129.48,77,69.8,11.41,75
197,Nova Odesa,UA,1584908972,47.31,31.79,84,35.11,16.35,64
198,Korla,CN,1584908973,41.76,86.15,47,42.49,5.97,100
199,Pisco,PE,1584908973,-13.7,-76.22,30,79.0,19.46,1
200,Mehamn,NO,1584908973,71.04,27.85,70,33.13,29.55,100
201,Hearst,CA,1584908973,49.68,-83.67,85,28.99,10.83,62
202,Āsosa,ET,1584908973,10.07,34.53,15,75.25,5.88,0
203,Kvitok,RU,1584908973,56.07,98.48,75,33.13,11.14,99
204,Mozarlândia,BR,1584908973,-14.74,-50.57,83,80.83,4.16,30
205,Broken Hill,AU,1584908973,-31.95,141.43,47,57.2,9.17,15
206,Opuwo,NA,1584908973,-18.06,13.84,59,72.91,4.74,6
207,Coyhaique,CL,1584908973,-45.58,-72.07,87,59.0,4.7,90
208,Ukiah,US,1584908973,39.15,-123.21,39,66.99,3.36,1
209,Togur,RU,1584908973,58.36,82.83,91,4.15,12.21,100
210,Malakal,SS,1584908973,9.53,31.66,10,83.71,6.58,0
211,Saskylakh,RU,1584908973,71.92,114.08,98,-13.85,8.7,99
212,Quatre Cocos,MU,1584908974,-20.21,57.76,94,77.0,8.05,75
213,Lodja,CD,1584908974,-3.48,23.43,99,68.59,1.32,99
214,Vardø,NO,1584908774,70.37,31.11,73,32.0,29.97,40
215,Igurusi,TZ,1584908974,-8.85,33.85,91,55.81,4.12,100
216,Havøysund,NO,1584908974,71.0,24.66,86,33.8,54.13,90
217,Mandalgovi,MN,1584908974,45.76,106.27,28,37.81,10.25,0
218,Sisimiut,GL,1584908974,66.94,-53.67,87,3.61,2.84,11
219,Shangrao,CN,1584908974,28.45,117.97,91,62.11,4.68,84
220,Lillooet,CA,1584908975,50.69,-121.94,49,48.2,2.24,1
221,Grand Gaube,MU,1584908975,-20.01,57.66,94,77.0,8.05,75
222,George Town,MY,1584908711,5.41,100.34,78,80.6,2.71,20
223,Nchelenge,ZM,1584908975,-9.35,28.73,86,70.03,3.87,79
224,Vista Hermosa,MX,1584908975,19.52,-99.22,21,78.8,12.75,5
225,Beckley,US,1584908975,37.78,-81.19,44,59.0,13.73,1
226,Evensk,RU,1584908975,61.95,159.23,94,22.69,4.99,98
227,Tigil',RU,1584908975,57.8,158.67,92,20.71,1.03,29
228,Ola,RU,1584908975,59.58,151.28,81,24.67,24.85,100
229,Pionki,PL,1584908802,51.48,21.45,45,34.0,11.56,26
230,Mizdah,LY,1584908975,31.45,12.98,66,57.43,17.31,0
231,La Santisima Trinidad,BO,1584908976,-14.83,-64.9,64,85.87,2.66,23
232,Tairua,NZ,1584908976,-37.02,175.85,97,69.01,15.82,100
233,Fortuna,US,1584908869,40.6,-124.16,82,64.0,13.87,1
234,Dakar,SN,1584908927,14.69,-17.44,83,71.6,16.11,0
235,Kontagora,NG,1584908976,10.4,5.47,31,88.21,4.83,100
236,Kimbe,PG,1584908976,-5.55,150.14,91,76.33,2.01,99
237,Umluj,SA,1584908976,25.02,37.27,40,62.29,7.78,0
238,Palmer,US,1584908782,42.16,-72.33,21,44.01,4.7,20
239,Tasiilaq,GL,1584908976,65.61,-37.64,85,21.2,4.7,100
240,Gorom-Gorom,BF,1584908976,14.44,-0.24,16,89.47,8.52,0
241,Coos Bay,US,1584908900,43.37,-124.22,93,64.99,9.17,90
242,Lima,PE,1584908273,-12.04,-77.03,61,80.6,11.41,0
243,San Vicente,AR,1584908977,-26.62,-54.13,42,82.27,4.16,0
244,Priyutovo,RU,1584908977,53.9,53.93,85,18.55,15.9,100
245,Haverfordwest,GB,1584908745,51.8,-4.97,61,48.0,6.93,0
246,Aklavik,CA,1584908977,68.22,-135.01,65,6.8,14.99,90
247,Kindu,CD,1584908977,-2.95,25.95,98,69.31,1.74,100
248,Mahon,ES,1584908977,39.89,4.27,93,55.4,5.82,75
249,Masakin,TN,1584908977,35.73,10.58,82,60.01,9.17,20
250,Nizhniy Kuranakh,RU,1584908977,58.84,125.49,95,9.01,3.4,78
251,High Level,CA,1584908977,58.52,-117.14,73,32.0,6.93,40
252,Beyneu,KZ,1584908977,45.32,55.2,61,41.95,11.95,58
253,Port Blair,IN,1584908706,11.67,92.75,68,81.19,9.35,1
254,Dodge City,US,1584908977,37.75,-100.02,76,64.0,3.36,90
255,Inongo,CD,1584908977,-1.95,18.27,98,71.83,2.77,92
256,Linhares,BR,1584908977,-19.39,-40.07,83,75.25,9.64,86
257,Kpandae,GH,1584908977,8.47,-0.01,58,80.47,13.71,100
258,Taltal,CL,1584908977,-25.4,-70.48,64,68.59,5.53,0
259,Allāpalli,IN,1584908978,19.42,80.07,25,76.51,2.53,0
260,Zhuanghe,CN,1584908978,39.7,122.99,71,39.0,12.01,0
261,Goderich,CA,1584908978,43.75,-81.72,73,41.0,3.0,86
262,Tombouctou,ML,1584908978,20.0,-3.0,11,75.97,8.1,67
263,Osa,RU,1584908978,57.28,55.46,89,13.87,3.27,0
264,Willowmore,ZA,1584908978,-33.29,23.49,84,60.49,4.38,33
265,Sawtell,AU,1584908978,-30.38,153.1,88,71.6,17.22,90
266,Riyadh,SA,1584908975,24.69,46.72,23,60.8,6.93,0
267,Jiazi,CN,1584908978,22.88,116.07,88,70.93,2.89,0
268,Dunedin,NZ,1584908978,-45.87,170.5,80,52.0,10.0,100
269,Santa Maria,BR,1584908978,-29.68,-53.81,43,87.8,9.17,20
270,Grand-Santi,GF,1584908979,4.25,-54.38,56,85.69,4.88,68
271,Luganville,VU,1584908979,-15.53,167.17,83,80.6,6.93,75
272,Marawi,PH,1584908979,8.0,124.29,88,75.0,5.01,5
273,Saint-Augustin,CA,1584908979,51.23,-58.65,77,16.93,14.12,36
274,Half Moon Bay,US,1584908979,37.46,-122.43,55,70.0,3.36,90
275,Melioratorov,RU,1584908979,57.21,65.61,72,17.6,6.71,100
276,Lavrentiya,RU,1584908979,65.58,-171.0,95,28.99,6.38,99
277,Harsūd,IN,1584908979,22.1,76.73,23,78.13,5.01,0
278,Teguise,ES,1584908979,29.06,-13.56,77,62.6,6.93,20
279,Katsuura,JP,1584908979,35.13,140.3,76,55.0,13.87,75
280,Salinópolis,BR,1584908979,-0.61,-47.36,77,81.91,8.86,2
281,Chapais,CA,1584908757,49.78,-74.85,48,17.6,9.17,1
282,Songkhla,TH,1584908980,6.83,100.67,94,75.2,0.92,20
283,Ostrovnoy,RU,1584908980,68.05,39.51,83,24.49,31.14,100
284,Zolochiv,UA,1584908980,49.81,24.89,92,28.4,8.95,75
285,Marsh Harbour,BS,1584908980,26.54,-77.06,71,74.35,10.11,0
286,Hofn,IS,1584908980,64.25,-15.21,82,45.19,43.91,100
287,Vila Velha,BR,1584908967,-20.33,-40.29,74,78.8,10.29,75
288,Kibala,TD,1584908980,9.11,18.35,31,91.4,2.98,15
289,San Joaquin,VE,1584908980,10.26,-67.79,82,75.79,6.71,75
290,Mikhaylovka,RU,1584908980,50.06,43.24,93,34.0,1.01,100
291,Nuevo Laredo,MX,1584908834,27.48,-99.52,88,64.4,4.7,90
292,Goryachegorsk,RU,1584908980,55.41,88.92,72,20.53,18.39,90
293,Alibag,IN,1584908980,18.64,72.88,83,80.6,6.93,0
294,Hualmay,PE,1584908981,-11.1,-77.61,44,81.19,10.78,44
295,Bulgan,MN,1584908981,48.81,103.53,33,34.03,3.94,0
296,Berlevåg,NO,1584908981,70.86,29.09,66,37.63,37.8,98
297,Ambunti,PG,1584908981,-4.24,142.84,99,74.17,0.72,100
298,Pochutla,MX,1584908981,15.74,-96.47,59,89.6,11.41,20
299,Panórama,GR,1584908981,40.59,23.03,87,59.0,10.29,75
300,Lashio,MM,1584908981,22.93,97.75,78,55.27,1.07,99
301,Ngunguru,NZ,1584908981,-35.62,174.5,92,68.0,4.0,100
302,Fairbanks,US,1584908696,64.84,-147.72,61,19.99,20.8,20
303,Panzhihua,CN,1584908981,26.59,101.71,61,48.79,0.65,0
304,Monteiro,BR,1584908745,-7.89,-37.12,79,76.15,6.38,74
305,Teya,RU,1584908981,60.38,92.63,90,22.15,15.26,100
306,Itacoatiara,BR,1584908981,-3.14,-58.44,66,89.6,5.82,7
307,Sotouboua,TG,1584908981,8.57,0.98,76,75.79,3.85,100
308,Kamakwie,SL,1584908981,9.5,-12.23,43,82.81,7.87,8
309,Faanui,PF,1584908981,-16.48,-151.75,68,82.63,2.01,0
310,Tazmalt,DZ,1584908982,36.39,4.4,87,57.2,3.36,75
311,Lagoa,PT,1584908982,39.05,-27.98,65,55.99,5.46,44
312,Samarai,PG,1584908982,-10.62,150.67,83,79.93,2.04,87
313,Sur,OM,1584908982,22.57,59.53,80,75.61,15.52,92
314,Okhotsk,RU,1584908982,59.38,143.3,81,9.73,9.24,97
315,Yarim,YE,1584908859,14.3,44.38,67,59.77,3.04,0
316,Dingle,PH,1584908983,11.0,122.67,90,73.63,8.75,83
317,São Miguel,BR,1584908983,-5.47,-35.37,62,86.0,12.75,20
318,Fereydūnkenār,IR,1584908983,36.69,52.52,93,48.2,6.93,90
319,Bac Lieu,VN,1584908983,9.29,105.72,93,74.35,4.14,0
320,São Paulo de Olivença,BR,1584908983,-3.38,-68.87,93,81.55,0.78,100
321,Walvis Bay,NA,1584908983,-22.96,14.51,77,64.4,3.36,0
322,Grand Bend,CA,1584908983,43.32,-81.75,47,39.99,16.11,75
323,Keokuk,US,1584908983,40.4,-91.38,100,35.6,12.75,75
324,Saldanha,ZA,1584908983,-33.01,17.94,77,64.4,8.05,31
325,Bambanglipuro,ID,1584908984,-7.95,110.28,94,75.25,2.55,100
326,Rubtsovsk,RU,1584908984,51.5,81.25,96,24.31,5.79,79
327,Onega,RU,1584908984,63.91,38.14,72,26.11,15.48,0
328,Noumea,NC,1584908935,-22.28,166.46,88,66.2,17.31,20
329,Cabedelo,BR,1584908985,-6.98,-34.83,74,84.2,8.05,20
330,Shingū,JP,1584908985,33.73,135.98,80,56.53,4.72,87
331,Tyret’ Pervaya,RU,1584908985,53.67,102.31,95,28.99,3.71,100
332,Vestmannaeyjar,IS,1584908985,63.44,-20.27,86,39.2,31.09,75
333,Salym,RU,1584908985,60.06,71.48,94,14.23,7.63,99
334,Sterling,US,1584908985,39.01,-77.43,39,53.01,9.17,1
335,Iqaluit,CA,1584908929,63.75,-68.51,78,8.6,8.05,90
336,Marsá Maţrūḩ,EG,1584908706,31.35,27.25,72,60.8,10.29,40
337,Myitkyina,MM,1584908985,25.38,97.4,72,62.83,3.62,100
338,Hay River,CA,1584908785,60.82,-115.8,79,26.6,5.82,40
339,Constitución,CL,1584908986,-35.33,-72.42,64,61.39,9.84,0
340,Ahipara,NZ,1584908986,-35.17,173.17,86,67.69,17.11,100
341,Waipawa,NZ,1584908986,-41.41,175.52,72,62.6,13.87,100
342,Enshi,CN,1584908986,30.3,109.48,88,54.37,1.25,100
343,Baruun-Urt,MN,1584908986,46.68,113.28,48,31.87,5.82,0
344,Eureka,US,1584908986,40.8,-124.16,76,61.0,4.7,1
345,Boissevain,CA,1584908986,49.23,-100.06,69,35.6,10.29,40
346,Biloela,AU,1584908986,-24.42,150.5,82,69.49,3.98,0
347,Tyulyachi,RU,1584908986,55.89,50.24,62,21.2,8.95,0
348,Mahébourg,MU,1584908986,-20.41,57.7,94,77.0,8.05,75
349,Singaparna,ID,1584908987,-7.35,108.11,89,70.03,3.11,100
350,Stepnyak,KZ,1584908987,52.83,70.78,95,21.61,7.45,98
351,Doha,QA,1584908963,25.29,51.53,52,68.0,11.41,0
352,Suslovo,RU,1584908987,56.22,88.12,80,21.43,18.52,100
353,Santa Cruz de la Sierra,BO,1584908757,-17.8,-63.17,52,91.4,5.82,40
354,Gijón,ES,1584908693,43.54,-5.66,93,55.0,4.7,75
355,Te Anau,NZ,1584908987,-45.42,167.72,87,44.65,6.06,100
356,Araguaína,BR,1584908740,-7.19,-48.21,76,80.47,3.15,100
357,Tiarei,PF,1584908987,-17.53,-149.33,66,86.0,4.7,40
358,Phalodi,IN,1584908987,27.13,72.37,28,81.55,10.2,100
359,Hanmer Springs,NZ,1584908987,-42.52,172.82,66,52.03,2.59,100
360,Kungurtug,RU,1584908987,50.6,97.52,70,23.23,2.15,95
361,Kutum,SD,1584908987,14.2,24.67,16,67.87,6.87,100
362,Talcahuano,CL,1584908987,-36.72,-73.12,68,66.2,12.75,0
363,Río Gallegos,AR,1584908865,-51.62,-69.22,59,60.8,8.05,100
364,Lábrea,BR,1584908987,-7.26,-64.8,96,76.87,4.32,100
365,Burnie,AU,1584908988,-41.07,145.92,79,48.99,10.0,0
366,Wukari,NG,1584908988,7.85,9.78,62,82.81,11.54,69
367,Moosomin,CA,1584908988,50.13,-101.67,90,27.73,7.52,0
368,Lorengau,PG,1584908988,-2.02,147.27,70,84.25,5.91,96
369,Petropavlovsk-Kamchatskiy,RU,1584908988,53.05,158.65,82,32.0,8.95,40
370,Fontem,CM,1584908988,5.47,9.88,95,66.25,1.77,100
371,Asekeyevo,RU,1584908988,53.57,52.8,93,22.15,19.08,100
372,Hasaki,JP,1584908988,35.73,140.83,71,51.8,10.29,75
373,Avera,US,1584908988,33.19,-82.53,93,60.8,9.17,90
374,Geraldton,AU,1584908988,-28.77,114.6,47,78.8,12.75,0
375,Kerema,PG,1584908988,-7.96,145.78,86,76.69,2.62,66
376,Tuatapere,NZ,1584908988,-46.13,167.68,90,48.99,3.0,100
377,Mombetsu,JP,1584908989,44.35,143.35,98,29.89,2.24,100
378,Machinga,MW,1584908989,-15.17,35.3,93,68.41,5.26,44
379,Lata,PT,1584908989,40.16,-8.33,87,57.0,8.05,40
380,Acapulco de Juárez,MX,1584908810,16.86,-99.89,66,87.8,10.29,5
381,Kununurra,AU,1584908989,-15.77,128.73,83,73.4,1.12,100
382,Bontang,ID,1584908989,0.13,117.5,85,78.85,8.23,100
383,Rincon,US,1584908989,32.3,-81.24,82,68.0,5.82,90
384,Neiafu,TO,1584908989,-18.65,-173.98,88,80.6,4.7,75
385,Carballo,ES,1584908989,43.21,-8.69,82,57.0,5.82,40
386,Jussara,BR,1584908989,-23.62,-52.47,45,86.0,8.05,40
387,Iwaki,JP,1584908989,37.05,140.88,45,45.0,3.0,91
388,Isangel,VU,1584908989,-19.55,169.27,94,73.4,17.02,75
389,Luoyang,CN,1584908989,34.68,112.45,46,53.83,2.08,68
390,Arrondissement de Mende,FR,1584908989,44.67,3.5,93,42.8,2.24,100
391,Catuday,PH,1584908990,16.29,119.81,73,81.19,7.27,0
392,Maki,JP,1584908990,37.75,138.88,64,36.0,2.24,0
393,Klaksvík,FO,1584908990,62.23,-6.59,87,44.6,23.04,100
394,Bonavista,CA,1584908990,48.65,-53.11,72,23.0,11.99,100
395,Laas,IT,1584908990,46.62,10.7,62,51.8,5.82,0
396,Novikovo,RU,1584908990,51.15,37.89,60,28.27,17.58,100
397,Toamasina,MG,1584908990,-18.17,49.38,88,75.2,11.41,75
398,Flin Flon,CA,1584908990,54.77,-101.86,44,37.4,16.11,75
399,Cairns,AU,1584908718,-16.92,145.77,78,78.8,10.29,40
400,Matara,LK,1584908990,5.95,80.54,87,72.01,4.34,0
401,Darnah,LY,1584908990,32.77,22.64,82,61.93,17.09,0
402,Nacala,MZ,1584908991,-14.54,40.67,93,73.27,6.24,84
403,Salalah,OM,1584908991,17.02,54.09,88,80.6,8.05,75
404,Obihiro,JP,1584908991,42.92,143.2,77,30.25,5.59,32
405,Yabēlo,ET,1584908991,4.88,38.08,78,66.25,4.07,86
406,Fuengirola,ES,1584908991,36.54,-4.62,93,54.0,3.36,75
407,Turukhansk,RU,1584908991,65.82,87.98,92,-13.85,13.53,36
408,Tecolutla,MX,1584908991,20.48,-97.02,55,87.8,4.7,40
409,Harrisonville,US,1584908991,38.65,-94.35,93,45.0,5.82,90
410,Mehrān,IR,1584908991,33.12,46.16,93,35.6,4.7,100
411,Benguela,AO,1584908991,-12.58,13.41,80,79.21,3.6,100
412,Khovu-Aksy,RU,1584908991,51.13,93.6,70,22.33,2.39,71
413,San Policarpo,PH,1584908991,12.18,125.51,81,78.49,7.45,94
414,Kushiro,JP,1584908991,42.98,144.37,87,34.39,3.58,92
415,Ormara,PK,1584908991,25.21,64.64,84,74.89,1.23,58
416,Poum,NC,1584908991,-20.23,164.02,67,79.03,14.12,0
417,Xinan,CN,1584908992,26.72,119.86,89,58.51,18.41,100
418,Pastos Bons,BR,1584908992,-6.6,-44.08,93,75.43,2.21,100
419,Zalaegerszeg,HU,1584908992,46.84,16.84,59,33.8,18.34,0
420,Tegul'det,RU,1584908992,57.31,88.17,85,12.79,14.85,100
421,Ulladulla,AU,1584908992,-35.35,150.47,62,59.0,5.82,34
422,Vaitape,PF,1584908992,-16.52,-151.75,68,82.63,2.01,0
423,Blythe,US,1584908992,33.61,-114.6,30,73.0,6.71,1
424,Diamantino,BR,1584908992,-14.41,-56.45,85,81.91,3.78,36
425,Kombissiri,BF,1584908992,12.07,-1.34,13,98.6,6.26,1
426,Camacha,PT,1584908992,33.08,-16.33,82,57.2,26.4,40
427,Bossangoa,CF,1584908992,6.49,17.46,46,82.81,6.71,18
428,Buluang,PH,1584908992,13.31,123.34,96,71.11,3.94,45
429,Rio Grande,BR,1584908993,-32.03,-52.1,54,82.4,9.17,20
430,Casper,US,1584908739,42.87,-106.31,39,48.99,14.99,75
431,Djambala,CG,1584908993,-2.54,14.75,92,71.29,2.8,89
432,Port Lincoln,AU,1584908993,-34.73,135.87,73,59.05,16.8,98
433,Amānganj,IN,1584908993,24.43,80.03,31,75.61,4.16,0
434,Ürümqi,CN,1584908819,43.8,87.6,61,48.2,6.71,100
435,Alyangula,AU,1584908993,-13.85,136.42,100,73.4,4.45,40
436,Russell,US,1584908993,32.35,-85.2,77,66.2,8.05,90
437,Caratinga,BR,1584908993,-19.79,-42.14,92,65.53,3.29,86
438,San Cristobal,VE,1584908917,7.77,-72.22,45,87.8,9.17,40
439,Raudeberg,NO,1584908993,61.99,5.14,90,41.0,28.86,75
440,Asău,RO,1584908993,46.43,26.4,96,32.0,14.99,90
441,Dafeng,CN,1584908993,23.45,108.59,94,67.69,1.99,20
442,Bathsheba,BB,1584908958,13.22,-59.52,62,84.2,19.46,40
443,Zhanakorgan,KZ,1584908994,43.91,67.25,38,42.49,33.53,100
444,Itarema,BR,1584908994,-2.92,-39.92,83,77.41,4.47,20
445,Edd,ER,1584908994,13.93,41.69,74,76.33,12.73,86
446,Pervomayskiy,RU,1584908994,53.25,40.29,45,27.01,18.34,62
447,Cuamba,MZ,1584908994,-14.8,36.54,96,66.25,4.16,44
448,Estelle,US,1584908994,29.85,-90.11,61,82.0,8.05,75
449,Pevek,RU,1584908995,69.7,170.31,75,7.57,3.31,100
450,Jizan,SA,1584908995,17.33,42.67,69,82.4,5.82,40
451,Novonukutskiy,RU,1584908995,53.7,102.71,95,28.99,3.71,100
452,Ust-Nera,RU,1584908995,64.57,143.2,100,-16.37,2.73,100
453,Honiara,SB,1584908995,-9.43,159.95,100,75.2,2.42,40
454,Buchanan,LR,1584908995,5.88,-10.05,83,82.4,4.7,75
455,Falam,MM,1584908995,22.92,93.68,83,50.41,0.36,0
456,Rimouski,CA,1584908870,48.45,-68.52,48,21.0,11.41,5
457,Ambilobe,MG,1584908995,-13.2,49.05,83,75.43,9.48,24
458,Olafsvik,IS,1584908995,64.89,-23.71,73,37.63,22.15,88
459,Poddor'ye,RU,1584908995,57.47,31.12,60,25.03,4.05,0
460,Guéret,FR,1584908995,46.17,1.87,81,53.01,11.41,92
461,Laguna,US,1584908995,38.42,-121.42,88,68.0,4.63,1
462,Vrede,ZA,1584908995,-27.43,29.17,91,53.65,3.94,100
463,Nelson,NZ,1584908845,-41.28,173.28,71,60.01,1.01,61
464,Hammerfest,NO,1584908996,70.66,23.68,86,33.8,54.13,90
465,Semporna,MY,1584908996,4.48,118.61,94,77.0,3.36,20
466,Zverinogolovskoye,RU,1584908996,54.46,64.85,94,17.47,10.36,64
467,Galle,LK,1584908996,6.04,80.22,73,79.93,9.06,0
468,Ransang,PH,1584908996,8.96,117.58,69,79.57,3.22,68
469,Rebrikha,RU,1584908996,53.07,82.34,87,21.43,8.7,100
470,Qui Nhon,VN,1584908996,13.77,109.23,95,67.69,1.72,28
471,Saravan,AM,1584908996,39.72,45.65,73,41.0,9.17,40
472,Senno,RU,1584908996,59.53,33.92,66,22.51,1.32,0
473,Ponta Delgada,PT,1584908996,37.73,-25.67,71,57.2,11.41,75
474,Waingapu,ID,1584908996,-9.66,120.26,77,83.35,12.5,0
475,Lamu,KE,1584908997,-2.27,40.9,74,85.33,11.63,100
476,Abu Dhabi,AE,1584908703,24.47,54.37,49,73.99,17.22,33
477,Stilfontein,ZA,1584908997,-26.84,26.77,84,58.69,2.53,100
478,Kokkola,FI,1584908945,63.84,23.13,58,32.0,13.87,100
479,Hawkesbury,CA,1584908997,45.6,-74.62,33,30.99,4.7,5
480,Byron Bay,AU,1584908997,-28.65,153.62,83,73.99,13.87,90
481,Fort-Shevchenko,KZ,1584908997,44.51,50.26,38,47.53,13.47,64
482,Horta,PT,1584908813,38.53,-28.63,62,57.2,8.05,20
483,Tessalit,ML,1584908713,20.2,1.01,8,75.25,7.7,0
484,Karratha,AU,1584908997,-20.74,116.85,73,85.33,7.83,80
485,Amapá,BR,1584908997,1.0,-52.0,82,79.21,5.37,35
486,Yerköy,TR,1584908997,39.64,34.47,65,42.49,3.24,100
487,Rondonópolis,BR,1584908715,-16.47,-54.64,81,82.09,3.33,95
488,Zaozhuang,CN,1584908997,34.86,117.55,48,47.17,1.59,89
489,Tavatuy,RU,1584908998,57.07,60.13,79,19.4,8.95,40
490,Sørland,NO,1584908998,67.67,12.69,56,41.0,16.11,75
491,Kroya,ID,1584908998,-7.63,109.25,91,74.53,1.86,58
492,Port Augusta,AU,1584908760,-32.5,137.77,59,62.6,12.75,92
493,Cockburn Town,TC,1584908998,21.46,-71.14,65,80.6,17.22,40
494,Yumen,CN,1584908998,40.28,97.2,60,41.23,6.35,0
495,Upington,ZA,1584908998,-28.45,21.26,42,80.6,8.05,91
496,Valdemārpils,LV,1584908998,57.37,22.59,86,26.6,2.24,0
497,Shubarshi,KZ,1584908998,48.59,57.19,63,37.27,10.42,99
498,Abu Kamal,SY,1584908998,34.45,40.92,59,57.61,13.31,0
499,Andapa,MG,1584908998,-14.65,49.65,97,64.27,2.98,99
500,Maniitsoq,GL,1584908998,65.42,-52.9,77,16.75,23.87,0
501,Kasongo-Lunda,CD,1584908998,-6.47,16.82,87,71.29,1.14,100
502,Sidi Ali,DZ,1584908998,36.1,0.42,70,53.65,6.35,64
503,Mackay,AU,1584908999,-21.15,149.2,88,75.2,6.93,90
504,Lüshunkou,CN,1584908999,38.8,121.27,65,44.6,8.95,0
505,Hamilton,US,1584908873,39.18,-84.53,75,45.0,3.36,90
506,Puerto Peñasco,MX,1584908998,31.32,-113.53,68,68.0,8.99,92
507,Rocha,UY,1584908999,-34.48,-54.33,55,73.81,8.01,64
508,North Battleford,CA,1584908999,52.78,-108.28,91,33.01,13.87,20
509,Balaka,MW,1584908999,-14.98,34.96,90,66.61,3.29,49
510,Biak,ID,1584908999,-0.91,122.88,75,80.65,1.43,98
511,Arrondissement de Vire,FR,1584908999,48.92,-0.83,66,48.2,8.05,89
512,Honningsvåg,NO,1584908999,70.98,25.97,66,37.45,32.12,100
513,Ihosy,MG,1584908999,-22.4,46.12,93,62.47,11.25,30
514,Mudgee,AU,1584908999,-32.59,149.59,77,60.8,6.93,90
515,Forsytheganj,BY,1584908999,52.63,29.73,61,27.73,10.87,55
516,Flinders,AU,1584908999,-34.58,150.86,62,64.99,5.82,95
517,Narsaq,GL,1584909000,60.92,-46.05,58,30.2,14.99,37
518,Morwa,IN,1584909000,22.9,73.83,39,75.61,6.64,13
519,Calderitas,MX,1584909000,18.55,-88.25,58,86.0,16.11,40
520,Ugoofaaru,MV,1584909000,5.67,73.0,68,82.99,6.51,9
521,Ibiá,BR,1584909000,-19.48,-46.54,73,77.0,5.82,20
522,Calama,CL,1584908774,-22.47,-68.93,28,73.4,20.8,0
523,Coolum Beach,AU,1584909000,-26.53,153.1,96,71.01,2.19,37
524,Touros,BR,1584909000,-5.2,-35.46,62,86.0,12.75,20
525,Itaituba,BR,1584909000,-4.28,-55.98,66,91.4,10.29,20
526,Sinop Province,TR,1584909000,41.77,34.87,73,49.69,3.31,74
527,Sagua la Grande,CU,1584909001,22.81,-80.08,51,84.2,18.34,75
528,Mayo,US,1584909001,38.89,-76.51,66,53.01,11.41,90
529,Tura,IN,1584909001,25.52,90.22,56,66.25,2.24,0
530,Yulara,AU,1584909001,-25.24,130.99,26,78.8,17.22,100
531,Bay-Khaak,RU,1584909001,51.17,94.5,65,24.13,2.66,100
532,Chizhou,CN,1584909001,30.66,117.48,87,53.83,2.98,100
533,Prabumulih,ID,1584909001,-3.45,104.25,98,72.01,4.41,100
534,Aitape,PG,1584909001,-3.14,142.35,81,81.01,8.14,100
535,Tautira,PF,1584909001,-17.73,-149.15,66,86.0,4.7,40
536,Illescas,ES,1584909001,40.12,-3.85,93,50.0,3.36,75
537,Boshkengash,TJ,1584909001,38.47,68.81,54,60.8,4.47,100
538,Potoru,SL,1584909001,7.51,-11.48,90,77.77,3.56,39
539,Naifaru,MV,1584909001,5.44,73.37,68,82.99,5.39,18
540,Margate,GB,1584908755,51.38,1.39,75,46.99,9.17,0
541,Xining,CN,1584909002,36.62,101.77,41,38.89,4.68,0
542,Kyzyl-Suu,KG,1584909002,42.34,78.0,60,37.09,3.74,33
543,Kavaratti,IN,1584908977,10.57,72.64,71,82.81,9.13,0
544,Usinsk,RU,1584909002,65.99,57.53,94,15.85,11.16,73
545,San Andrés,CO,1584908761,12.58,-81.7,62,86.0,18.34,40
546,Ossora,RU,1584909002,59.24,163.07,95,30.25,5.28,100
547,Ouésso,CG,1584909002,1.61,16.05,93,70.03,0.36,31
548,Iracoubo,GF,1584909002,5.48,-53.2,77,80.47,13.15,100
549,Loandjili,CG,1584909003,-4.76,11.86,83,82.4,2.24,20
550,Mitchell,US,1584909003,43.71,-98.03,61,48.2,8.05,75
551,Balkanabat,TM,1584909003,39.51,54.37,84,48.07,17.56,100
552,Daru,PG,1584909003,-9.08,143.21,95,76.51,2.01,99
553,Fichē,ET,1584909003,9.8,38.73,55,70.39,4.99,94
554,Kulu,TR,1584909003,39.1,33.08,57,45.37,3.13,100
555,Casa Grande,US,1584909003,32.88,-111.76,32,75.0,5.82,1
556,Khovd,MN,1584909003,48.01,91.64,40,32.95,9.06,100
557,Eirunepé,BR,1584909003,-6.66,-69.87,97,77.05,2.8,100
558,Fort Nelson,CA,1584909003,58.81,-122.7,37,37.4,5.82,75
559,Puerto Madryn,AR,1584909003,-42.77,-65.04,19,79.39,21.39,0
560,Kamaishi,JP,1584909003,39.27,141.88,71,34.39,6.58,0
561,Yanam,IN,1584909003,16.73,82.22,90,74.17,2.64,1
562,Portland,US,1584908641,45.52,-122.68,62,60.01,5.82,20
563,Turinsk,RU,1584909004,58.05,63.7,87,21.43,4.09,100
564,Seymchan,RU,1584909004,62.88,152.43,94,4.15,2.1,99
565,Verkhoyansk,RU,1584909004,67.54,133.38,99,-2.15,3.56,92
566,Kalmunai,LK,1584909004,7.42,81.82,67,81.01,7.58,4
